time_min,true_level_pct,lt101_measured_pct,sensor_bias_pct,maintenance_overdue,fault_active
0,58.0,56.743,0.0,0,0
1,58.392,58.217,0.0,0,0
2,58.782,59.343,0.0,0,0
3,59.168,59.026,0.0,0,0
4,59.549,59.66,0.0,0,0
5,59.923,58.836,0.0,0,0
6,60.288,60.109,0.0,0,0
7,60.642,60.355,0.0,0,0
8,60.984,61.664,0.0,0,0
9,61.312,61.429,0.0,0,0
10,61.625,61.613,0.0,0,0
11,61.922,61.388,0.0,0,0
12,62.2,61.588,0.0,0,0
13,62.459,62.453,0.0,0,0
14,62.697,63.657,0.0,0,0
15,62.914,61.527,0.0,0,0
16,63.109,61.058,0.0,0,0
17,63.281,64.74,0.0,0,0
18,63.428,64.613,0.0,0,0
19,63.551,64.039,0.0,0,0
20,63.65,63.933,0.0,0,0
21,63.722,63.44,0.0,0,0
22,63.77,63.523,0.0,0,0
23,63.792,62.931,0.0,0,0
24,63.789,64.25,0.0,0,0
25,63.76,63.626,0.0,0,0
26,63.706,62.303,0.0,0,0
27,63.628,63.268,0.0,0,0
28,63.526,63.139,0.0,0,0
29,63.401,62.94,0.0,0,0
30,63.254,64.699,0.0,0,0
31,63.085,63.901,0.0,0,0
32,62.896,60.583,0.0,0,0
33,62.687,63.067,0.0,0,0
34,62.461,63.267,0.0,0,0
35,62.217,63.212,0.0,0,0
36,61.959,62.569,0.0,0,0
37,61.687,60.236,0.0,0,0
38,61.402,62.073,0.0,0,0
39,61.107,61.183,0.0,0,0
40,60.803,61.911,0.0,0,0
41,60.492,60.865,0.0,0,0
42,60.176,59.092,0.0,0,0
43,59.856,61.259,0.0,0,0
44,59.534,58.68,0.0,0,0
45,59.212,60.067,0.0,0,0
46,58.892,59.241,0.0,0,0
47,58.576,58.194,0.0,0,0
48,58.265,56.617,0.0,0,0
49,57.961,57.347,0.0,0,0
50,57.666,57.015,0.0,0,0
51,57.382,57.271,0.0,0,0
52,57.111,56.978,0.0,0,0
53,56.853,58.075,0.0,0,0
54,56.61,56.945,0.0,0,0
55,56.384,57.276,0.0,0,0
56,56.176,55.341,0.0,0,0
57,55.987,55.683,0.0,0,0
58,55.819,56.524,0.0,0,0
59,55.673,56.418,0.0,0,0
60,55.548,56.079,0.0,0,0
61,55.447,55.14,0.0,0,0
62,55.37,54.614,0.0,0,0
63,55.317,56.651,0.0,0,0
64,55.29,54.797,0.0,0,0
65,55.287,55.023,0.0,0,0
66,55.31,56.479,0.0,0,0
67,55.358,55.43,0.0,0,0
68,55.432,54.979,0.0,0,0
69,55.531,56.173,0.0,0,0
70,55.655,55.516,0.0,0,0
71,55.804,56.785,0.0,0,0
72,55.976,55.897,0.0,0,0
73,56.172,55.574,0.0,0,0
74,56.389,58.224,0.0,0,0
75,56.629,57.564,0.0,0,0
76,56.888,57.009,0.0,0,0
77,57.167,57.091,0.0,0,0
78,57.464,56.484,0.0,0,0
79,57.778,57.36,0.0,0,0
80,58.106,57.175,0.0,0,0
81,58.449,59.099,0.0,0,0
82,58.804,59.709,0.0,0,0
83,59.169,58.935,0.0,0,0
84,59.543,59.184,0.0,0,0
85,59.924,60.215,-0.0,0,1
86,60.311,60.117,-0.19,0,1
87,60.701,60.721,-0.38,0,1
88,61.093,60.895,-0.57,0,1
89,61.484,61.034,-0.76,0,1
90,61.874,61.399,-0.95,0,1
91,62.261,60.393,-1.14,0,1
92,62.641,61.844,-1.33,0,1
93,63.015,60.014,-1.52,0,1
94,63.379,61.752,-1.71,0,1
95,63.733,61.626,-1.9,0,1
96,64.075,62.261,-2.09,0,1
97,64.403,61.984,-2.28,0,1
98,64.715,62.421,-2.47,0,1
99,65.011,61.024,-2.66,0,1
100,65.288,62.047,-2.85,0,1
101,65.546,61.912,-3.04,0,1
102,65.784,62.817,-3.23,0,1
103,66.0,62.715,-3.42,0,1
104,66.194,62.244,-3.61,0,1
105,66.365,62.171,-3.8,0,1
106,66.512,61.983,-3.99,0,1
107,66.634,62.343,-4.18,0,1
108,66.731,62.664,-4.37,0,1
109,66.803,62.744,-4.56,0,1
110,66.85,61.973,-4.75,1,1
111,66.871,61.133,-4.94,1,1
112,66.867,61.105,-5.13,1,1
113,66.837,62.021,-5.32,1,1
114,66.783,60.478,-5.51,1,1
115,66.704,60.723,-5.7,1,1
116,66.601,58.988,-5.89,1,1
117,66.475,61.015,-6.08,1,1
118,66.327,60.063,-6.27,1,1
119,66.157,59.193,-6.46,1,1
120,65.967,59.129,-6.65,1,1
121,65.758,59.33,-6.84,1,1
122,65.531,58.391,-7.03,1,1
123,65.287,58.194,-7.22,1,1
124,65.028,57.587,-7.41,1,1
125,64.755,56.249,-7.6,1,1
126,64.471,55.371,-7.79,1,1
127,64.175,56.887,-7.98,1,1
128,63.871,55.264,-8.17,1,1
129,63.56,56.01,-8.36,1,1
130,63.243,55.499,-8.55,1,1
131,62.923,53.802,-8.74,1,1
132,62.601,53.162,-8.93,1,1
133,62.279,52.722,-9.12,1,1
134,61.959,53.823,-9.31,1,1
135,61.643,52.129,-9.5,1,1
136,61.333,51.427,-9.69,1,1
137,61.029,51.769,-9.88,1,1
138,60.735,49.955,-10.07,1,1
139,60.451,49.731,-10.26,1,1
140,60.18,49.278,-10.45,1,1
141,59.922,49.216,-10.64,1,1
142,59.68,47.879,-10.83,1,1
143,59.455,47.935,-11.02,1,1
144,59.248,48.11,-11.21,1,1
145,59.06,46.899,-11.4,1,1
146,58.892,46.521,-11.59,1,1
147,58.747,47.245,-11.78,1,1
148,58.623,45.879,-11.97,1,1
149,58.523,46.183,-12.16,1,1
150,58.447,46.642,-12.35,1,1
151,58.395,45.896,-12.54,1,1
152,58.368,46.944,-12.73,1,1
153,58.366,45.346,-12.92,1,1
154,58.39,44.136,-13.11,1,1
155,58.439,45.377,-13.3,1,1
156,58.514,45.157,-13.49,1,1
157,58.614,45.47,-13.68,1,1
158,58.739,43.79,-13.87,1,1
159,58.888,44.708,-14.06,1,1
160,59.061,45.59,-14.25,1,1
161,59.258,44.954,-14.44,1,1
162,59.476,45.647,-14.63,1,1
163,59.716,44.36,-14.82,1,1
164,59.977,45.286,-15.01,1,1
165,60.256,45.042,-15.2,1,1
166,60.554,46.284,-15.39,1,1
167,60.868,44.563,-15.58,1,1
168,61.197,46.284,-15.77,1,1
169,61.54,45.722,-15.96,1,1
170,61.895,45.774,-16.15,1,1
171,62.261,45.426,-16.34,1,1
172,62.635,45.298,-16.53,1,1
173,63.016,45.196,-16.72,1,1
174,63.403,46.695,-16.91,1,1
175,63.793,45.981,-17.1,1,1
176,64.185,47.709,-17.29,1,1
177,64.577,47.409,-17.48,1,1
178,64.967,47.627,-17.67,1,1
179,65.353,48.299,-17.86,1,1
